"file_key","kind","name","lineno","indent","is_method","raw_line"
"alarm_config_manager.py","def","set_default_mode","26","0","False","def set_default_mode(mode: Mode) -> None:"
"alarm_config_manager.py","def","set_last_mode","32","0","False","def set_last_mode(mode: Mode) -> None:"
"alarm_config_manager.py","class","Config","42","0","False","class Config:"
"alarm_config_manager.py","class","ConfigManager","55","0","False","class ConfigManager:"
"alarm_config_manager.py","def","_normalize_mode","59","4","True","    def _normalize_mode(v: Any) -> Mode:"
"alarm_config_manager.py","def","get_config_path","69","4","True","    def get_config_path() -> Path:"
"alarm_config_manager.py","def","load_config","74","4","True","    def load_config() -> Config:"
"alarm_config_manager.py","def","is_dict_str_any","83","8","True","        def is_dict_str_any(v: Any) -> TypeGuard[dict[str, Any]]:"
"alarm_config_manager.py","def","save_config","115","4","True","    def save_config(config: Config) -> None:"
"alarm_data_json_mapper.py","def","dt_to_str","36","0","False","def dt_to_str(dt: datetime | None) -> str | None: # 内部用"
"alarm_data_json_mapper.py","def","str_to_dt","41","0","False","def str_to_dt(v: str | None) -> datetime | None:"
"alarm_data_json_mapper.py","def","any_to_dt","48","0","False","def any_to_dt(v: str | datetime | None) -> datetime | None: # 内部値への変換用"
"alarm_data_json_mapper.py","def","dt_to_any","56","0","False","def dt_to_any(dt: datetime | None) -> str | None: # Jsonへの変換用"
"alarm_data_json_mapper.py","class","JsonToInternalMapper","65","0","False","class JsonToInternalMapper:"
"alarm_data_json_mapper.py","def","alarm_json_to_internal","70","4","True","    def alarm_json_to_internal("
"alarm_data_json_mapper.py","def","alarm_state_json_to_internal","118","4","True","    def alarm_state_json_to_internal(self, s: AlarmStateJson) -> AlarmStateInternal:"
"alarm_data_json_mapper.py","class","InternalToJsonMapper","131","0","False","class InternalToJsonMapper(JsonToInternalMapper):"
"alarm_data_json_mapper.py","def","alarm_internal_to_json","137","4","True","    def alarm_internal_to_json(self, a: AlarmInternal) -> AlarmJson:"
"alarm_data_json_mapper.py","def","alarm_state_internal_to_json","177","4","True","    def alarm_state_internal_to_json("
"alarm_fire_guard.py","def","check_last_fire","19","0","False","def check_last_fire("
"alarm_internal_model.py","def","_int_list","25","0","False","def _int_list() -> list[int]:"
"alarm_internal_model.py","class","AlarmInternal","30","0","False","class AlarmInternal:"
"alarm_internal_model.py","def","__post_init__","153","4","True","    def __post_init__(self) -> None:"
"alarm_internal_model.py","def","date","163","4","True","    def date(self) -> DateType:"
"alarm_internal_model.py","def","date","168","4","True","    def date(self, v: DateType) -> None:"
"alarm_internal_model.py","def","time","176","4","True","    def time(self) -> TimeType:"
"alarm_internal_model.py","def","time","181","4","True","    def time(self, v: TimeType) -> None:"
"alarm_internal_model.py","def","repeat_base_datetime","191","4","True","    def repeat_base_datetime(self) -> datetime:"
"alarm_internal_model.py","def","repeat_base_datetime","201","4","True","    def repeat_base_datetime(self, v: Optional[datetime]) -> None:"
"alarm_internal_model.py","class","AlarmStateInternal","207","0","False","class AlarmStateInternal:"
"alarm_internal_model.py","def","initial","247","4","True","    def initial(cls, alarm_id: int) -> ""AlarmStateInternal"":"
"alarm_internal_model.py","def","snoozed_until","271","4","True","    def snoozed_until(self) -> Optional[datetime]:"
"alarm_internal_model.py","def","snoozed_until","276","4","True","    def snoozed_until(self, v: Optional[datetime]) -> None:"
"alarm_internal_model.py","def","snooze_count","284","4","True","    def snooze_count(self) -> int:"
"alarm_internal_model.py","def","snooze_count","289","4","True","    def snooze_count(self, v: int) -> None:"
"alarm_internal_model.py","def","triggered","296","4","True","    def triggered(self) -> bool:"
"alarm_internal_model.py","def","triggered","301","4","True","    def triggered(self, v: bool) -> None:"
"alarm_internal_model.py","def","triggered_at","308","4","True","    def triggered_at(self) -> Optional[datetime]:"
"alarm_internal_model.py","def","triggered_at","313","4","True","    def triggered_at(self, v: Optional[datetime]) -> None:"
"alarm_internal_model.py","def","last_fired_at","322","4","True","    def last_fired_at(self) -> Optional[datetime]:"
"alarm_internal_model.py","def","last_fired_at","327","4","True","    def last_fired_at(self, v: Optional[datetime]) -> None:"
"alarm_internal_model.py","def","next_fire_datetime","336","4","True","    def next_fire_datetime(self) -> Optional[datetime]:"
"alarm_internal_model.py","def","next_fire_datetime","342","4","True","    def next_fire_datetime(self, value: Optional[Union[datetime, str]]) -> None:"
"alarm_internal_model.py","def","lifecycle_finished","369","4","True","    def lifecycle_finished(self) -> bool:"
"alarm_internal_model.py","def","lifecycle_finished","374","4","True","    def lifecycle_finished(self, v: bool) -> None:"
"alarm_internal_model.py","def","needs_recalc","380","4","True","    def needs_recalc(self) -> bool:"
"alarm_internal_model.py","def","needs_recalc","385","4","True","    def needs_recalc(self, value: bool) -> None:"
"alarm_internal_model.py","def","is_uncomputed","393","4","True","    def is_uncomputed(self) -> bool:"
"alarm_internal_model.py","def","has_next_schedule","398","4","True","    def has_next_schedule(self) -> bool:"
"alarm_internal_model.py","def","is_finished","403","4","True","    def is_finished(self) -> bool:"
"alarm_internal_model.py","def","is_invalid_state","408","4","True","    def is_invalid_state(self) -> bool:"
"alarm_irregular_logger.py","class","LogWhere","15","0","False","class LogWhere(TypedDict, total=False):"
"alarm_irregular_logger.py","class","LogWhat","25","0","False","class LogWhat(TypedDict):"
"alarm_irregular_logger.py","class","LogRecord","31","0","False","class LogRecord(TypedDict):"
"alarm_irregular_logger.py","class","AlarmLogger","40","0","False","class AlarmLogger:"
"alarm_irregular_logger.py","def","__init__","43","4","True","    def __init__(self, log_dir: Path) -> None:"
"alarm_irregular_logger.py","def","_json_safe","51","4","True","    def _json_safe(self, obj: Any) -> Any:"
"alarm_irregular_logger.py","def","_write","61","4","True","    def _write("
"alarm_irregular_logger.py","def","where_here","91","4","True","    def where_here(self, function: str) -> LogWhere:"
"alarm_irregular_logger.py","def","info","101","4","True","    def info("
"alarm_irregular_logger.py","def","warning","119","4","True","    def warning("
"alarm_irregular_logger.py","def","error","137","4","True","    def error("
"alarm_json_model.py","def","_int_list","25","0","False","def _int_list() -> list[int]:"
"alarm_json_model.py","class","AlarmJson","30","0","False","class AlarmJson:"
"alarm_json_model.py","def","weekday_list","53","4","True","    def weekday_list(self) -> list[int]:"
"alarm_json_model.py","def","weekday_list","58","4","True","    def weekday_list(self, v: list[int] | str | Iterable[int] | None) -> None:"
"alarm_json_model.py","def","sound_path","68","4","True","    def sound_path(self) -> Path:"
"alarm_json_model.py","class","AlarmStateJson","74","0","False","class AlarmStateJson:"
"alarm_json_model.py","def","snoozed_until","93","4","True","    def snoozed_until(self) -> str | None:"
"alarm_json_model.py","def","snoozed_until","98","4","True","    def snoozed_until(self, v: str | datetime | None) -> None:"
"alarm_json_model.py","def","snooze_count","107","4","True","    def snooze_count(self) -> int:"
"alarm_json_model.py","def","snooze_count","112","4","True","    def snooze_count(self, v: int | str | None) -> None:"
"alarm_json_model.py","def","triggered","121","4","True","    def triggered(self) -> bool:"
"alarm_json_model.py","def","triggered","126","4","True","    def triggered(self, v: bool) -> None:"
"alarm_json_model.py","def","triggered_at","130","4","True","    def triggered_at(self) -> str | None:"
"alarm_json_model.py","def","triggered_at","138","4","True","    def triggered_at(self, v: str | datetime | None) -> None:"
"alarm_json_model.py","def","last_fired_at","147","4","True","    def last_fired_at(self) -> str | None:"
"alarm_json_model.py","def","last_fired_at","155","4","True","    def last_fired_at(self, v: str | datetime | None) -> None:"
"alarm_json_model.py","def","next_fire_datetime","164","4","True","    def next_fire_datetime(self) -> str | None:"
"alarm_json_model.py","def","next_fire_datetime","169","4","True","    def next_fire_datetime(self, v: str | None) -> None:"
"alarm_json_model.py","def","lifecycle_finished","173","4","True","    def lifecycle_finished(self) -> bool:"
"alarm_json_model.py","def","lifecycle_finished","178","4","True","    def lifecycle_finished(self, v: bool) -> None:"
"alarm_json_model.py","def","needs_recalc","182","4","True","    def needs_recalc(self) -> bool:"
"alarm_json_model.py","def","needs_recalc","187","4","True","    def needs_recalc(self, value: bool) -> None:"
"alarm_manager.py","class","NextAlarmInfo","37","0","False","class NextAlarmInfo(TypedDict):"
"alarm_manager.py","class","AlarmManager","48","0","False","class AlarmManager:"
"alarm_manager.py","def","get_base_dir","54","4","True","    def get_base_dir() -> Path:"
"alarm_manager.py","def","__init__","63","4","True","    def __init__(self) -> None:"
"alarm_manager.py","def","tick","127","4","True","    def tick(self) -> None:"
"alarm_manager.py","def","internal_clock","131","4","True","    def internal_clock(self) -> datetime:"
"alarm_manager.py","def","_fire_alarm","149","4","True","    def _fire_alarm("
"alarm_manager.py","def","driving_stop","169","4","True","    def driving_stop(self) -> None:"
"alarm_manager.py","def","request_stop","177","4","True","    def request_stop(self) -> None:"
"alarm_manager.py","def","stop_alarm","182","4","True","    def stop_alarm(self, state: AlarmStateInternal) -> None:"
"alarm_manager.py","def","get_current_alarm","199","4","True","    def get_current_alarm(self) -> Optional[AlarmStateInternal]:"
"alarm_manager.py","def","_adjust_state_after_update","235","4","True","    def _adjust_state_after_update(self, alarm_id: int) -> None:"
"alarm_manager.py","def","get_state_by_id","251","4","True","    def get_state_by_id(self, alarm_id: int) -> AlarmStateInternal | None:"
"alarm_manager.py","def","update_alarm","258","4","True","    def update_alarm(self, ui_alarm: AlarmUI) -> bool:"
"alarm_manager.py","def","_merge_ui","288","4","True","    def _merge_ui(self, base_ui: AlarmUI, patch_ui: AlarmUI) -> AlarmUI:"
"alarm_manager.py","def","use_patch_str","294","8","True","        def use_patch_str(v: str) -> bool:"
"alarm_manager.py","def","use_patch_list","297","8","True","        def use_patch_list(v: list[Any] | None) -> bool:"
"alarm_manager.py","def","get_next_id","351","4","True","    def get_next_id(self) -> int:"
"alarm_manager.py","def","add_alarm","360","4","True","    def add_alarm(self, ui_alarm: AlarmUI) -> Optional[AlarmInternal]:"
"alarm_manager.py","def","_replace_alarm","390","4","True","    def _replace_alarm(self, new_internal: AlarmInternal) -> None:"
"alarm_manager.py","def","build_state_view","409","4","True","    def build_state_view(self, state: AlarmStateInternal) -> AlarmStateView:"
"alarm_manager.py","def","_check_snooze","423","4","True","    def _check_snooze(self, alarm: AlarmInternal, state: AlarmStateInternal, now: datetime) -> bool:"
"alarm_manager.py","def","_mark_triggered","449","4","True","    def _mark_triggered(self,"
"alarm_manager.py","def","_check_and_fire","478","4","True","    def _check_and_fire(self) -> None:"
"alarm_manager.py","def","load_alarms","501","4","True","    def load_alarms(self) -> List[AlarmInternal]:"
"alarm_manager.py","def","load_standby","514","4","True","    def load_standby(self) -> None | List[AlarmStateInternal]:"
"alarm_manager.py","def","load_all","536","4","True","    def load_all(self) -> None:"
"alarm_manager.py","def","_save","553","4","True","    def _save(self) -> None:"
"alarm_manager.py","def","_save_standby","563","4","True","    def _save_standby(self, states: Optional[list[AlarmStateInternal]] = None) -> None:"
"alarm_manager.py","def","remove_alarm","577","4","True","    def remove_alarm(self, alarm_id: int) -> None:"
"alarm_manager.py","def","delete_alarms","582","4","True","    def delete_alarms(self, ids: List[int]) -> None:"
"alarm_manager.py","def","_remove_alarms_by_ids","587","4","True","    def _remove_alarms_by_ids(self, ids: set[int]) -> None:"
"alarm_manager.py","def","toggle_alarm","598","4","True","    def toggle_alarm(self, alarm_id: int) -> None:"
"alarm_manager.py","def","snooze_alarm","610","4","True","    def snooze_alarm("
"alarm_manager.py","def","get_next_alarms","633","4","True","    def get_next_alarms(self, count: int = 5) -> list[NextAlarmInfo]:"
"alarm_manager.py","def","get_next_alarm","663","4","True","    def get_next_alarm(self) -> tuple[AlarmInternal, datetime] | None:"
"alarm_manager.py","def","get_alarm_settings","673","4","True","    def get_alarm_settings(self) -> list[tuple[AlarmInternal, datetime | None]]:"
"alarm_manager.py","def","get_alarm_by_id","688","4","True","    def get_alarm_by_id(self, alarm_id: int) -> AlarmInternal | None:"
"alarm_manager.py","def","_notify_listeners","698","4","True","    def _notify_listeners(self) -> None:"
"alarm_manager.py","def","_run","701","8","True","        def _run() -> None:"
"alarm_manager.py","def","add_listener","710","4","True","    def add_listener(self, func: Callable[[], None]) -> None:"
"alarm_manager.py","def","remove_listener","715","4","True","    def remove_listener(self, func: Callable[[], None]) -> None:"
"alarm_manager.py","def","find_due_alarms","723","4","True","    def find_due_alarms(self, alarms: list[AlarmInternal]) -> list[AlarmInternal]:"
"alarm_manager_cycle_controll_options.py","class","CycleOptions","18","0","False","class CycleOptions:"
"alarm_manager_temp.py","class","NextAlarmInfo","47","0","False","class NextAlarmInfo(TypedDict):"
"alarm_manager_temp.py","class","AlarmManager","55","0","False","class AlarmManager:"
"alarm_manager_temp.py","def","get_base_dir","66","4","True","    def get_base_dir() -> Path:"
"alarm_manager_temp.py","def","__init__","75","4","True","    def __init__(self) -> None:"
"alarm_manager_temp.py","def","tick","129","4","True","    def tick(self) -> None:"
"alarm_manager_temp.py","def","internal_clock","133","4","True","    def internal_clock(self) -> datetime:"
"alarm_manager_temp.py","def","_where","145","4","True","    def _where(self, method_name: str) -> LogWhere:"
"alarm_manager_temp.py","def","_recalc_states","162","4","True","    def _recalc_states(self) -> None:"
"alarm_manager_temp.py","def","_get_state","193","4","True","    def _get_state(self, alarm_id: int) -> AlarmStateInternal | None:"
"alarm_manager_temp.py","def","get_alarm_by_id","200","4","True","    def get_alarm_by_id(self, alarm_id: int) -> AlarmInternal | None:"
"alarm_manager_temp.py","def","get_state_by_id","207","4","True","    def get_state_by_id(self, alarm_id: int) -> AlarmStateInternal | None:"
"alarm_manager_temp.py","def","_update_next_fire_runtime","214","4","True","    def _update_next_fire_runtime(self) -> None:"
"alarm_manager_temp.py","def","_handle_due_alarms","230","4","True","    def _handle_due_alarms(self) -> None:  # 実際に鳴らす処理"
"alarm_manager_temp.py","def","_get_or_create_state","295","4","True","    def _get_or_create_state(self, alarm_id: int) -> AlarmStateInternal:"
"alarm_manager_temp.py","def","_build_sorted_next_alarm_list","307","4","True","    def _build_sorted_next_alarm_list(self) -> list[tuple[int, datetime]]:"
"alarm_manager_temp.py","def","_fire_alarm","311","4","True","    def _fire_alarm(self, alarm: AlarmInternal, state: AlarmStateInternal) -> None:"
"alarm_manager_temp.py","def","_check_invalid_states","345","4","True","    def _check_invalid_states(self) -> None:"
"alarm_manager_temp.py","def","_repair_invalid_states","372","4","True","    def _repair_invalid_states(self) -> None:"
"alarm_manager_temp.py","def","_normalize_on_boot_and_edit","441","4","True","    def _normalize_on_boot_and_edit(self, reason: Literal[""boot"", ""edit""]) -> None:"
"alarm_manager_temp.py","def","_reset_state_for_future","475","4","True","    def _reset_state_for_future(self, state: AlarmStateInternal) -> None:"
"alarm_manager_temp.py","def","apply_alarm_mutation","484","4","True","    def apply_alarm_mutation("
"alarm_manager_temp.py","def","update_alarm","510","4","True","    def update_alarm(self, ui_alarm: AlarmUIPatch) -> None:"
"alarm_manager_temp.py","def","_adjust_state_after_update","548","4","True","    def _adjust_state_after_update(self, alarm_id: int) -> None:"
"alarm_manager_temp.py","def","_merge_ui","565","4","True","    def _merge_ui(self, base: AlarmUI, patch: AlarmUIPatch) -> AlarmUI:"
"alarm_manager_temp.py","def","get_next_id","581","4","True","    def get_next_id(self) -> int:"
"alarm_manager_temp.py","def","add_alarm","590","4","True","    def add_alarm(self, ui_alarm: AlarmUI) -> Optional[AlarmInternal]:"
"alarm_manager_temp.py","def","_replace_alarm","628","4","True","    def _replace_alarm(self, new_internal: AlarmInternal) -> None:"
"alarm_manager_temp.py","def","delete_alarms","649","4","True","    def delete_alarms(self, ids: List[int]) -> None:"
"alarm_manager_temp.py","def","_remove_alarms_by_ids","654","4","True","    def _remove_alarms_by_ids(self, ids: set[int]) -> None:"
"alarm_manager_temp.py","def","build_state_view","669","4","True","    def build_state_view(self, state: AlarmStateInternal) -> AlarmStateView:"
"alarm_manager_temp.py","def","_notify_listeners","687","4","True","    def _notify_listeners(self) -> None:"
"alarm_manager_temp.py","def","_run","692","8","True","        def _run() -> None:"
"alarm_manager_temp.py","def","add_listener","701","4","True","    def add_listener(self, func: Callable[[], None]) -> None:"
"alarm_manager_temp.py","def","remove_listener","706","4","True","    def remove_listener(self, func: Callable[[], None]) -> None:"
"alarm_manager_temp.py","def","toggle_alarm","714","4","True","    def toggle_alarm(self, alarm_id: int) -> None:"
"alarm_manager_temp.py","def","_check_snooze","726","4","True","    def _check_snooze("
"alarm_manager_temp.py","def","snooze_alarm","766","4","True","    def snooze_alarm("
"alarm_manager_temp.py","def","request_stop","789","4","True","    def request_stop(self) -> None:"
"alarm_manager_temp.py","def","stop_alarm","794","4","True","    def stop_alarm(self, state: AlarmStateInternal) -> None:"
"alarm_manager_temp.py","def","get_active_alarm_state","811","4","True","    def get_active_alarm_state(self) -> Optional[AlarmStateInternal]:"
"alarm_manager_temp.py","def","load_alarms","836","4","True","    def load_alarms(self) -> List[AlarmInternal]:"
"alarm_manager_temp.py","def","load_standby","851","4","True","    def load_standby(self) -> List[AlarmStateInternal]:"
"alarm_manager_temp.py","def","load_all","878","4","True","    def load_all(self) -> None:"
"alarm_manager_temp.py","def","_save","896","4","True","    def _save(self) -> None:"
"alarm_manager_temp.py","def","_save_standby","902","4","True","    def _save_standby(self) -> None:"
"alarm_manager_temp.py","def","_normalize_states","917","4","True","    def _normalize_states(self) -> None:"
"alarm_manager_temp.py","def","_build_normalized_states_for_save","929","4","True","    def _build_normalized_states_for_save(self) -> list[AlarmStateInternal]:"
"alarm_manager_temp.py","def","start_cycle","941","4","True","    def start_cycle(self, condition: CycleCondition) -> None:"
"alarm_manager_temp.py","def","_start_config_changed_cycle","956","4","True","    def _start_config_changed_cycle(self) -> None:"
"alarm_manager_temp.py","def","_start_startup_cycle","963","4","True","    def _start_startup_cycle(self) -> None:"
"alarm_manager_temp.py","def","_start_running_cycle","970","4","True","    def _start_running_cycle(self) -> None:"
"alarm_manager_temp.py","def","run_cycle","980","4","True","    def run_cycle(self, opt: CycleOptions) -> None:"
"alarm_manager_temp.py","def","_begin_cycle","1026","4","True","    def _begin_cycle(self) -> None:"
"alarm_manager_temp.py","def","_load_phase","1029","4","True","    def _load_phase(self) -> None:"
"alarm_manager_temp.py","def","_recalc_phase","1033","4","True","    def _recalc_phase(self) -> None:"
"alarm_manager_temp.py","def","_fire_phase","1038","4","True","    def _fire_phase(self) -> None:"
"alarm_manager_temp.py","def","_save_phase","1041","4","True","    def _save_phase(self) -> None:"
"alarm_manager_temp.py","def","_stop_phase","1064","4","True","    def _stop_phase(self) -> None:"
"alarm_manager_verification_script.py","def","_where","22","0","False","def _where(func_name: str) -> ""LogWhere"":"
"alarm_manager_verification_script.py","def","main","27","0","False","def main(dry_run: bool = False) -> None:"
"alarm_manager_verification_script.py","def","_validate_single_repeat","39","0","False","def _validate_single_repeat("
"alarm_manager_verification_script.py","def","test_missing_state_creates_initial_state","71","0","False","def test_missing_state_creates_initial_state() -> None:"
"alarm_manager_verification_script.py","def","test_hard_alarm_sample_json_survives","100","0","False","def test_hard_alarm_sample_json_survives() -> None:"
"alarm_manager_verification_script.py","def","test_next_fire_is_sane_for_all_alarms","117","0","False","def test_next_fire_is_sane_for_all_alarms() -> None:"
"alarm_manager_verification_script.py","def","test_disabled_alarms_never_fire","161","0","False","def test_disabled_alarms_never_fire() -> None:"
"alarm_manager_verification_script.py","def","test_edge_case_alarm_fields_do_not_crash","176","0","False","def test_edge_case_alarm_fields_do_not_crash() -> None:"
"alarm_player.py","class","AlarmPlayer","23","0","False","class AlarmPlayer:"
"alarm_player.py","def","__init__","26","4","True","    def __init__(self) -> None:"
"alarm_player.py","def","play","36","4","True","    def play(self, sound: str, duration: int = 10) -> None:"
"alarm_player.py","def","stop_after","65","8","True","        def stop_after() -> None:"
"alarm_player.py","def","stop","72","4","True","    def stop(self) -> None:"
"alarm_player.py","class","AlarmPlayerGUI","81","0","False","class AlarmPlayerGUI:"
"alarm_player.py","def","__init__","84","4","True","    def __init__(self, root: tk.Misc) -> None:"
"alarm_player.py","def","play","95","4","True","    def play(self, sound: str, duration: int = 10) -> None:"
"alarm_player.py","def","stop","125","4","True","    def stop(self) -> None:"
"alarm_repeat_datetime_checker.py","class","AlarmDatetimeChecker","21","0","False","class AlarmDatetimeChecker:"
"alarm_repeat_datetime_checker.py","def","__init__","34","4","True","    def __init__("
"alarm_repeat_datetime_checker.py","def","should_fire","48","4","True","    def should_fire(self) -> bool:"
"alarm_repeat_datetime_checker.py","def","_where","95","4","True","    def _where(self, func_name: str) -> ""LogWhere"":"
"alarm_scheduler.py","class","AlarmScheduler","34","0","False","class AlarmScheduler:"
"alarm_scheduler.py","def","__init__","37","4","True","    def __init__(self) -> None:"
"alarm_scheduler.py","def","_base","51","4","True","    def _base(self, alarm: AlarmInternal) -> datetime:"
"alarm_scheduler.py","def","_with_time","61","4","True","    def _with_time(self, d: datetime, alarm: AlarmInternal) -> datetime:"
"alarm_scheduler.py","def","get_next_time","68","4","True","    def get_next_time("
"alarm_scheduler.py","def","_get_handler","85","4","True","    def _get_handler(self, repeat: str) -> CallableType | None:"
"alarm_scheduler.py","def","_next_single","91","4","True","    def _next_single(self, alarm: AlarmInternal, now: datetime) -> datetime:"
"alarm_scheduler.py","def","_next_daily","98","4","True","    def _next_daily(self, alarm: AlarmInternal, now: datetime) -> datetime:"
"alarm_scheduler.py","def","_next_interval_days","117","4","True","    def _next_interval_days("
"alarm_scheduler.py","def","_next_weekday_candidate","138","4","True","    def _next_weekday_candidate("
"alarm_scheduler.py","def","_next_weekly","159","4","True","    def _next_weekly(self, alarm: AlarmInternal, now: datetime) -> datetime:"
"alarm_scheduler.py","def","_next_monthly","215","4","True","    def _next_monthly(self, alarm: AlarmInternal, now: datetime) -> datetime:"
"alarm_scheduler.py","def","_next_custom","264","4","True","    def _next_custom(self, alarm: AlarmInternal, now: datetime) -> datetime | None:"
"alarm_storage.py","class","AlarmStorage","33","0","False","class AlarmStorage:"
"alarm_storage.py","def","_atomic_write_json","39","4","True","    def _atomic_write_json("
"alarm_storage.py","def","load_alarms","53","4","True","    def load_alarms(self) -> List[AlarmJson]:"
"alarm_storage.py","def","load_standby","88","4","True","    def load_standby(self) -> list[AlarmStateJson]:"
"alarm_storage.py","def","save_alarms","150","4","True","    def save_alarms(self, alarms: List[AlarmJson]) -> None:"
"alarm_storage.py","def","save_standby","164","4","True","    def save_standby(self, states: List[AlarmStateJson]) -> None:"
"alarm_storage.py","def","save_all","178","4","True","    def save_all(self, alarms: List[AlarmJson], states: List[AlarmStateJson]) -> None:"
"alarm_storage.py","def","backup","199","4","True","    def backup(self) -> None:"
"alarm_storage.py","def","restore_latest","224","4","True","    def restore_latest(self) -> None:"
"alarm_test_full_condition.py","class","AlarmTestBase","15","0","False","class AlarmTestBase:"
"alarm_test_full_condition.py","def","__init__","18","4","True","    def __init__(self) -> None:"
"alarm_test_full_condition.py","def","make_alarm","30","4","True","    def make_alarm(self, **kwargs) -> AlarmInternal:"
"alarm_test_full_condition.py","def","print_header","38","0","False","def print_header(title: str) -> None:"
"alarm_test_full_condition.py","def","show","45","0","False","def show(result, expect=None) -> None:"
"alarm_test_full_condition.py","def","test_once","52","0","False","def test_once() -> None:"
"alarm_test_full_condition.py","def","test_daily","69","0","False","def test_daily() -> None:"
"alarm_test_full_condition.py","def","test_weekly","90","0","False","def test_weekly() -> None:"
"alarm_test_full_condition.py","def","test_weekly_x","114","0","False","def test_weekly_x() -> None:"
"alarm_test_full_condition.py","def","test_monthly","139","0","False","def test_monthly() -> None:"
"alarm_test_full_condition.py","def","test_custom_weekday_only","164","0","False","def test_custom_weekday_only() -> None:"
"alarm_test_full_condition.py","def","test_custom_week_of_month_only","189","0","False","def test_custom_week_of_month_only() -> None:"
"alarm_test_full_condition.py","def","test_custom_interval_weeks_only","214","0","False","def test_custom_interval_weeks_only() -> None:"
"alarm_test_full_condition.py","def","test_custom_full_combo","239","0","False","def test_custom_full_combo() -> None:"
"alarm_test_full_condition.py","def","test_custom","264","0","False","def test_custom() -> None:"
"alarm_ui_mapper.py","def","ui_date_time_to_dt","36","0","False","def ui_date_time_to_dt(date: str, time: str) -> datetime:"
"alarm_ui_mapper.py","def","ui_default_date_time","40","0","False","def ui_default_date_time("
"alarm_ui_mapper.py","def","any_to_dt","57","0","False","def any_to_dt(v: str | None) -> datetime | None:"
"alarm_ui_mapper.py","def","dt_to_any","63","0","False","def dt_to_any(dt: datetime | None) -> str | None:"
"alarm_ui_mapper.py","class","UItoInternalMapper","70","0","False","class UItoInternalMapper:"
"alarm_ui_mapper.py","def","ui_to_internal","76","4","True","    def ui_to_internal(ui: AlarmUI) -> AlarmInternal:"
"alarm_ui_mapper.py","class","InternaltoUIMapper","104","0","False","class InternaltoUIMapper:"
"alarm_ui_mapper.py","def","internal_to_ui","110","4","True","    def internal_to_ui(alarm: AlarmInternal) -> AlarmUI:"
"alarm_ui_mapper.py","class","InternaltoViewMapper","134","0","False","class InternaltoViewMapper:"
"alarm_ui_mapper.py","def","stateinternal_to_stateview","140","4","True","    def stateinternal_to_stateview(state: AlarmStateInternal) -> AlarmStateView:"
"alarm_ui_model.py","class","AlarmUI","37","0","False","class AlarmUI:"
"alarm_ui_model.py","class","AlarmUIPatch","69","0","False","class AlarmUIPatch:"
"alarm_ui_model.py","class","AlarmStateView","99","0","False","class AlarmStateView:"
"cui.py","def","print_upcoming_alarms","43","0","False","def print_upcoming_alarms(manager: AlarmManager, count: int = 5) -> None:"
"cui.py","def","main","73","0","False","def main() -> None:"
"cui.py","def","run_alarm_monitor","77","4","True","    def run_alarm_monitor(manager: AlarmManager) -> None:"
"cui.py","def","normalize_basic","85","4","True","    def normalize_basic(text: str) -> str:"
"cui.py","def","input_with_mode","89","4","True","    def input_with_mode("
"cui.py","def","input_repeat","110","4","True","    def input_repeat(default: str = ""単発"") -> str:"
"cui.py","def","input_weekday_list","125","4","True","    def input_weekday_list() -> list[int]:"
"cui.py","def","input_week_of_month","134","4","True","    def input_week_of_month() -> list[int]:"
"cui.py","def","input_bool","148","4","True","    def input_bool(prompt: str, default: bool = False) -> bool:"
"cui_controller.py","class","CUIController","14","0","False","class CUIController:"
"cui_controller.py","def","__init__","16","4","True","    def __init__(self, manager: AlarmManager) -> None:"
"cui_controller.py","def","run","20","4","True","    def run(self) -> None:"
"cui_controller.py","def","stop","27","4","True","    def stop(self) -> None:"
"cui_controller.py","def","on_timer","31","4","True","    def on_timer(self) -> None:"
"cui_datetime_normalizer.py","def","validate_date","24","0","False","def validate_date(text: str) -> str | None:"
"cui_datetime_normalizer.py","def","validate_time","35","0","False","def validate_time(text: str) -> str | None:"
"cui_datetime_normalizer.py","def","normalize_commas","49","0","False","def normalize_commas(text: str) -> str:"
"cui_datetime_normalizer.py","def","normalize_date","55","0","False","def normalize_date(text: str) -> str | None:"
"cui_datetime_normalizer.py","def","normalize_time","94","0","False","def normalize_time(text: str) -> str | None:"
"cui_datetime_normalizer.py","def","normalize_base_date","123","0","False","def normalize_base_date("
"cui_weekday_normalizer.py","def","normalize_weekday_list","17","0","False","def normalize_weekday_list(text: str | None) -> list[int]:"
"cui_weekday_normalizer.py","def","parse_weekdays_cui","55","0","False","def parse_weekdays_cui(raw: str | None) -> list[int]:"
"cui_weekday_normalizer.py","def","_looks_numeric_only","83","0","False","def _looks_numeric_only(text: str | None) -> bool:"
"cui_weekday_normalizer.py","def","_extract_ints","90","0","False","def _extract_ints(text: str | None) -> list[int]:"
"date_rule_valid_util.py","def","is_valid_week_of_month","16","0","False","def is_valid_week_of_month("
"date_rule_valid_util.py","def","is_valid_interval_week","28","0","False","def is_valid_interval_week(now_week: int, base_week: int, interval_weeks: int) -> bool:"
"debag_build_call_index.py","class","FuncRow","72","0","False","class FuncRow:"
"debag_build_call_index.py","def","is_excluded","82","0","False","def is_excluded(path: Path) -> bool:"
"debag_build_call_index.py","def","collect_py_files","91","0","False","def collect_py_files(root: Path) -> List[Path]:"
"debag_build_call_index.py","def","dotted_name","101","0","False","def dotted_name(expr: ast.AST) -> Optional[str]:"
"debag_build_call_index.py","def","parse_import_aliases","113","0","False","def parse_import_aliases(tree: ast.AST) -> Dict[str, str]:"
"debag_build_call_index.py","class","CallCollector","134","0","False","class CallCollector(ast.NodeVisitor):"
"debag_build_call_index.py","def","__init__","136","4","True","    def __init__(self, alias_map: Dict[str, str]) -> None:"
"debag_build_call_index.py","def","visit","144","4","True","    def visit(self, node: ast.AST) -> None:"
"debag_build_call_index.py","def","current_func_key","152","4","True","    def current_func_key(self) -> Optional[Tuple[str, int]]:"
"debag_build_call_index.py","def","visit_ClassDef","158","4","True","    def visit_ClassDef(self, node: ast.ClassDef) -> None:"
"debag_build_call_index.py","def","visit_FunctionDef","164","4","True","    def visit_FunctionDef(self, node: ast.FunctionDef) -> None:"
"debag_build_call_index.py","def","visit_AsyncFunctionDef","170","4","True","    def visit_AsyncFunctionDef(self, node: ast.AsyncFunctionDef) -> None:"
"debag_build_call_index.py","def","visit_Lambda","176","4","True","    def visit_Lambda(self, node: ast.Lambda) -> None:"
"debag_build_call_index.py","def","visit_AnnAssign","178","4","True","    def visit_AnnAssign(self, node: ast.AnnAssign) -> None:"
"debag_build_call_index.py","def","_enter_func","181","4","True","    def _enter_func(self, node: ast.AST) -> None:"
"debag_build_call_index.py","def","_exit_func","204","4","True","    def _exit_func(self) -> None:"
"debag_build_call_index.py","def","visit_Call","208","4","True","    def visit_Call(self, node: ast.Call) -> None:"
"debag_build_call_index.py","def","vscode_file_link","231","0","False","def vscode_file_link(file_path: Path, lineno: int) -> str:"
"debag_build_call_index.py","def","ps_html_link_for_py","238","0","False","def ps_html_link_for_py(py_path: Path) -> str:"
"debag_build_call_index.py","def","main","251","0","False","def main() -> None:"
"env_paths.py","def","get_app_root","19","0","False","def get_app_root() -> Path:"
"env_paths.py","def","ensure_dirs","52","0","False","def ensure_dirs() -> None:"
"gui.py","class","AlarmGUI","48","0","False","class AlarmGUI:"
"gui.py","def","__init__","53","4","True","    def __init__(self, controller: ""GUIController"") -> None:"
"gui.py","def","_info","92","4","True","    def _info(self, title: str, msg: str, parent=None) -> str:"
"gui.py","def","_warn","95","4","True","    def _warn(self, title: str, msg: str, parent=None) -> str:"
"gui.py","def","_error","98","4","True","    def _error(self, title: str, msg: str, parent=None) -> str:"
"gui.py","def","_ask_yes_no","101","4","True","    def _ask_yes_no(self, title: str, msg: str, parent=None) -> bool:"
"gui.py","def","get_window_pos_file","107","4","True","    def get_window_pos_file(self) -> str:"
"gui.py","def","save_window_position","111","4","True","    def save_window_position(self, window, key: str) -> None:"
"gui.py","def","load_window_position","117","4","True","    def load_window_position(self, window, key: str) -> bool:"
"gui.py","def","start_gui","130","4","True","    def start_gui(self) -> None:"
"gui.py","def","update_clock","144","4","True","    def update_clock(self):"
"gui.py","def","alarm_check_loop","156","4","True","    def alarm_check_loop(self) -> None:"
"gui.py","def","_finish_alarm","177","4","True","    def _finish_alarm(self, alarm_id: int):"
"gui.py","def","next_alarm_update_loop","195","4","True","    def next_alarm_update_loop(self):"
"gui.py","def","update_next_alarm_label","203","4","True","    def update_next_alarm_label(self, recalc: bool = True):"
"gui.py","def","_update_remaining_text","275","4","True","    def _update_remaining_text(self):"
"gui.py","def","_countdown_loop","308","4","True","    def _countdown_loop(self):"
"gui.py","def","create_cell_editor","315","4","True","    def create_cell_editor(self, tree, item_id, column_id, commit_callback):"
"gui.py","def","editor_setter","324","8","True","        def editor_setter(widget):"
"gui.py","def","done","332","12","True","            def done(event=None):"
"gui.py","def","cancel","338","12","True","            def cancel(event=None):"
"gui.py","def","refresh_tree","349","4","True","    def refresh_tree(self, *_):"
"gui.py","def","create_menu","424","4","True","    def create_menu(self):"
"gui.py","def","_set_gui","431","8","True","        def _set_gui():"
"gui.py","def","_set_cui","434","8","True","        def _set_cui():"
"gui.py","def","_dialog_on","437","8","True","        def _dialog_on():"
"gui.py","def","_dialog_off","440","8","True","        def _dialog_off():"
"gui.py","def","_open_json_editor","443","8","True","        def _open_json_editor():"
"gui.py","def","_restore_backup","446","8","True","        def _restore_backup():"
"gui.py","def","config_set_default_mode","478","4","True","    def config_set_default_mode(self, mode: str):"
"gui.py","def","config_set_dialog_enabled","483","4","True","    def config_set_dialog_enabled(self, flag: bool):"
"gui.py","def","create_main_widgets","490","4","True","    def create_main_widgets(self):"
"gui.py","def","on_main_close","553","4","True","    def on_main_close(self):"
"gui.py","def","_set_bg_snooze","568","4","True","    def _set_bg_snooze(self):"
"gui.py","def","_set_bg_normal","576","4","True","    def _set_bg_normal(self):"
"gui.py","def","select_sound_file","587","4","True","    def select_sound_file(self) -> str:"
"gui.py","def","place_window_near_parent","615","4","True","    def place_window_near_parent(self, parent, child, offset_x=40, offset_y=40):"
"gui.py","def","on_close","640","4","True","    def on_close(self, win, key: str):"
"gui.py","def","open_settings_window","661","4","True","    def open_settings_window(self):"
"gui.py","def","delete_selected_alarms","840","4","True","    def delete_selected_alarms(self):"
"gui.py","def","add_alarm_action","862","4","True","    def add_alarm_action(self):"
"gui.py","def","place_subwindow_near_parent","944","4","True","    def place_subwindow_near_parent(self, parent, child, offset_x=20, offset_y=40):"
"gui.py","def","_dock_child_window","958","4","True","    def _dock_child_window(self, child):"
"gui.py","def","select_weekdays_dialog","972","4","True","    def select_weekdays_dialog(self, initial=None):"
"gui.py","def","on_ok","1009","8","True","        def on_ok():"
"gui.py","def","on_clear","1014","8","True","        def on_clear():"
"gui.py","def","on_cancel","1018","8","True","        def on_cancel():"
"gui.py","def","open_custom_dialog","1052","4","True","    def open_custom_dialog(self, initial=None):"
"gui.py","def","on_ok","1124","8","True","        def on_ok():"
"gui.py","def","on_clear","1132","8","True","        def on_clear():"
"gui.py","def","on_cancel","1137","8","True","        def on_cancel():"
"gui.py","def","pick_weekday","1159","4","True","    def pick_weekday(self):"
"gui.py","def","on_repeat_change","1178","4","True","    def on_repeat_change(self, event=None):"
"gui.py","def","open_custom_from_form","1191","4","True","    def open_custom_from_form(self):"
"gui.py","def","on_double_click","1214","4","True","    def on_double_click(self, event):"
"gui.py","def","set_editor","1255","8","True","        def set_editor(widget, commit_callback):"
"gui.py","def","commit_repeat","1281","12","True","            def commit_repeat(value):"
"gui.py","def","commit_enabled","1320","12","True","            def commit_enabled(value):"
"gui.py","def","commit_skip","1335","12","True","            def commit_skip(value):"
"gui.py","def","commit_snooze","1350","12","True","            def commit_snooze(value):"
"gui.py","def","commit_text","1409","12","True","            def commit_text(value):"
"gui.py","def","select_date_dialog","1424","4","True","    def select_date_dialog(self, initial_date=None):"
"gui.py","def","select_time_dialog","1434","4","True","    def select_time_dialog(self, initial_time=None):"
"gui.py","def","pick_date","1450","4","True","    def pick_date(self):"
"gui.py","def","pick_time","1462","4","True","    def pick_time(self):"
"gui.py","def","stop_alarm","1474","4","True","    def stop_alarm(self):"
"gui.py","def","snooze_alarm","1499","4","True","    def snooze_alarm(self):"
"gui.py","def","start","1554","4","True","    def start(self):"
"gui_controller.py","class","GUIController","12","0","False","class GUIController:"
"gui_controller.py","def","__init__","14","4","True","    def __init__(self, manager: AlarmManager) -> None:"
"gui_controller.py","def","start","18","4","True","    def start(self) -> None:"
"gui_controller.py","def","on_timer","23","4","True","    def on_timer(self) -> None:"
"json_editor.py","class","JsonEditor","51","0","False","class JsonEditor:"
"json_editor.py","def","__init__","54","4","True","    def __init__(self, master: tk.Misc, manager: AlarmManager) -> None:"
"json_editor.py","def","reload_from_file","122","4","True","    def reload_from_file(self) -> None:"
"json_editor.py","def","safe_load_json","180","4","True","    def safe_load_json(self, raw_text: str) -> Optional[Any]:"
"json_editor.py","def","heavy_repair_json","210","4","True","    def heavy_repair_json(self, raw_text: str) -> Optional[Dict[str, Any]]:"
"json_editor.py","def","_to_bool","271","4","True","    def _to_bool(self, v: Any) -> bool:"
"json_editor.py","def","_to_int","286","4","True","    def _to_int(self, v: Any, default: int = 0) -> int:"
"json_editor.py","def","_to_list_int","301","4","True","    def _to_list_int(self, v: Any) -> List[int]:"
"json_editor.py","def","repair_alarm_dict","337","4","True","    def repair_alarm_dict(self, d: Dict[str, Any]) -> Dict[str, Any]:"
"json_editor.py","def","build_display_dict","410","4","True","    def build_display_dict(self, alarm: Dict[str, Any]) -> Dict[str, Any]:"
"json_editor.py","def","_val","414","8","True","        def _val(key: str) -> str:"
"json_editor.py","def","refresh_tree","467","4","True","    def refresh_tree(self) -> None:"
"json_editor.py","def","add_row","479","4","True","    def add_row(self) -> None:"
"json_editor.py","def","delete_row","514","4","True","    def delete_row(self) -> None:"
"json_editor.py","def","on_double_click","534","4","True","    def on_double_click(self, event) -> None:"
"json_editor.py","def","place_widget","566","8","True","        def place_widget(widget: tk.Widget) -> None:"
"json_editor.py","def","on_focus_out","570","12","True","            def on_focus_out(event=None):"
"json_editor.py","def","commit_repeat","606","12","True","            def commit_repeat(event=None):"
"json_editor.py","def","commit_boolean","653","12","True","            def commit_boolean(event=None):"
"json_editor.py","def","commit_numeric","669","12","True","            def commit_numeric(event=None):"
"json_editor.py","def","commit_generic","703","8","True","        def commit_generic(event=None):"
"json_editor.py","def","select_date_dialog","714","4","True","    def select_date_dialog(self, initial_date: Optional[str] = None) -> Optional[str]:"
"json_editor.py","def","select_time_dialog","719","4","True","    def select_time_dialog(self, initial_time: Optional[str] = None) -> Optional[str]:"
"json_editor.py","def","select_weekdays_dialog","724","4","True","    def select_weekdays_dialog(self, initial: Optional[List[int]] = None) -> Optional[List[int]]:"
"json_editor.py","def","ok","747","8","True","        def ok():"
"json_editor.py","def","cancel","754","8","True","        def cancel():"
"json_editor.py","def","select_custom_repeat_dialog","768","4","True","    def select_custom_repeat_dialog("
"json_editor.py","def","on_ok","799","8","True","        def on_ok():"
"json_editor.py","def","on_cancel","810","8","True","        def on_cancel():"
"json_editor.py","def","save_json","830","4","True","    def save_json(self) -> None:"
"mini_calendar.py","class","MiniCalendar","22","0","False","class MiniCalendar:"
"mini_calendar.py","def","__init__","31","4","True","    def __init__(self, parent, initial_date=None, window_key: str | None = None):"
"mini_calendar.py","def","show","44","4","True","    def show(self):"
"mini_calendar.py","def","_build_window","53","4","True","    def _build_window(self):"
"mini_calendar.py","def","_draw_calendar","89","4","True","    def _draw_calendar(self):"
"mini_calendar.py","def","_select_date","141","4","True","    def _select_date(self, day):"
"mini_calendar.py","class","TimePicker","157","0","False","class TimePicker:"
"mini_calendar.py","def","__init__","167","4","True","    def __init__(self, parent, initial_time=""07:00"", window_key: str | None = None):"
"mini_calendar.py","def","show","185","4","True","    def show(self):"
"mini_calendar.py","def","_commit","235","4","True","    def _commit(self):"
"sample_cui.py","class","_NotImplementedModule","21","0","False","class _NotImplementedModule:"
"sample_cui.py","def","__init__","26","4","True","    def __init__(self, name, urgent=0):"
"sample_cui.py","def","__getattr__","35","4","True","    def __getattr__(self, var):"
"sample_cui.py","def","__bool__","42","4","True","    def __bool__(self):"
"sample_cui.py","def","warn","45","4","True","    def warn(self):"
"sample_cui.py","def","play_alarm","59","0","False","def play_alarm(sound_path: str, duration: int = 10) -> None:"
"sample_cui.py","def","alarm_loop","73","0","False","def alarm_loop(manager: AlarmManager) -> None:"
"sample_cui.py","def","on_alarm_changed","92","0","False","def on_alarm_changed():"
"sample_cui.py","def","start_cui","97","0","False","def start_cui():"
"sample_cui.py","def","start_gui","107","0","False","def start_gui():"
"sample_cui.py","def","open_settings_window","124","4","True","    def open_settings_window(manager: AlarmManager):"
"sample_cui.py","def","save_alarm","140","4","True","    def save_alarm(manager: AlarmManager, name: str, time: str):"
"start.py","def","start_application","34","0","False","def start_application() -> None:"
"start.py","def","start_by_last_mode","53","0","False","def start_by_last_mode() -> None:"
"start.py","def","launch_gui","71","0","False","def launch_gui() -> None:"
"start.py","def","launch_cui","76","0","False","def launch_cui() -> None:"
"start.py","def","show_mode_dialog","84","0","False","def show_mode_dialog() -> None:"
"start.py","def","on_gui_selected","127","0","False","def on_gui_selected(root: tk.Tk) -> None:"
"start.py","def","on_cui_selected","136","0","False","def on_cui_selected(root: tk.Tk) -> None:"
"test_alarm_manager_temp.py","class","TestAlarmManagerTemp","17","0","False","class TestAlarmManagerTemp(unittest.TestCase):"
"test_alarm_manager_temp.py","def","setUp","19","4","True","    def setUp(self) -> None:"
"test_alarm_manager_temp.py","def","test_process_sets_next_fire_datetime","67","4","True","    def test_process_sets_next_fire_datetime(self, mock_datetime: MagicMock) -> None:"
"test_alarm_manager_temp.py","def","test_next_fire_times_updated_via_process","86","4","True","    def test_next_fire_times_updated_via_process(self, mock_datetime: MagicMock) -> None:"
"test_alarm_manager_temp.py","def","test_no_alarms_fire_before_due_time","108","4","True","    def test_no_alarms_fire_before_due_time(self, mock_datetime: MagicMock) -> None:"
"test_alarm_manager_temp.py","def","test_alarm_fires_when_due","131","4","True","    def test_alarm_fires_when_due(self, mock_datetime: MagicMock) -> None:"
"test_alarm_manager_temp.py","def","test_startup_sync","154","4","True","    def test_startup_sync(self) -> None:"
"test_alarm_state_internal_model.py","class","TestNextFireDatetime","15","0","False","class TestNextFireDatetime(unittest.TestCase):"
"test_alarm_state_internal_model.py","def","setUp","18","4","True","    def setUp(self) -> None:"
"test_alarm_state_internal_model.py","def","test_setter_with_none","22","4","True","    def test_setter_with_none(self) -> None:"
"test_alarm_state_internal_model.py","def","test_setter_with_datetime_object","27","4","True","    def test_setter_with_datetime_object(self) -> None:"
"test_alarm_state_internal_model.py","def","test_setter_with_iso_format_datetime_string","33","4","True","    def test_setter_with_iso_format_datetime_string(self) -> None:"
"test_alarm_state_internal_model.py","def","test_setter_with_invalid_string","45","4","True","    def test_setter_with_invalid_string(self) -> None:"
"test_alarm_state_internal_model.py","def","test_setter_with_invalid_type","51","4","True","    def test_setter_with_invalid_type(self) -> None:"
"test_alarm_state_internal_model.py","def","test_getter_after_initialization","56","4","True","    def test_getter_after_initialization(self) -> None:"
"test_alarm_state_internal_model.py","def","test_multiple_assignments","60","4","True","    def test_multiple_assignments(self) -> None:"
"test_alarm_state_internal_model.py","def","test_setter_with_microseconds","73","4","True","    def test_setter_with_microseconds(self) -> None:"
"utils.py","def","datetime_to_dict","34","0","False","def datetime_to_dict(dt: Optional[datetime]) -> Dict[str, str]:"
"utils.py","def","dict_to_datetime","46","0","False","def dict_to_datetime(date_str: str, time_str: str) -> datetime:"
"utils.py","def","str_to_datetime","51","0","False","def str_to_datetime(dt: str) -> datetime:"
"utils.py","def","combine_datetime","56","0","False","def combine_datetime(date_str: str, time_str: str) -> datetime:"
"utils.py","def","select_sound_file","71","0","False","def select_sound_file() -> str:"
"utils.py","def","get_data_dir","91","0","False","def get_data_dir() -> Path:"
"utils.py","def","normalize_alarm_input_dict","102","0","False","def normalize_alarm_input_dict("
"weekday_formatter.py","def","weekday_to_str","16","0","False","def weekday_to_str(weekday_list: List[int]) -> str:"
"window_geometry.py","class","WindowGeometry","20","0","False","class WindowGeometry:"
"window_geometry.py","def","from_dict","28","4","True","    def from_dict(d: Mapping[str, int]) -> ""WindowGeometry"":"
"window_geometry.py","def","to_dict","37","4","True","    def to_dict(self) -> dict[str, int]:"
"window_keys.py","class","WindowKey","13","0","False","class WindowKey(str, Enum):"
"window_position_store.py","class","WindowPositionStore","24","0","False","class WindowPositionStore:"
"window_position_store.py","def","load_all","28","4","True","    def load_all() -> Dict[WindowKey, WindowGeometry]:"
"window_position_store.py","def","save_all","47","4","True","    def save_all(data: Dict[WindowKey, WindowGeometry]) -> None:"
"contents_class_def/build_definition_map_csv_to_json.py","def","build_definition_map","68","0","False","def build_definition_map(csv_path: Path) -> dict[str, dict[str, list[str]]]:"
"contents_class_def/build_definition_map_csv_to_json.py","def","main","131","0","False","def main() -> None:"
"contents_class_def/build_reference_scanning_file_reporter.py","class","DefLoc","86","0","False","class DefLoc:"
"contents_class_def/build_reference_scanning_file_reporter.py","class","RefHit","95","0","False","class RefHit:"
"contents_class_def/build_reference_scanning_file_reporter.py","def","is_excluded","107","0","False","def is_excluded(path: Path) -> bool:"
"contents_class_def/build_reference_scanning_file_reporter.py","def","rel_key","116","0","False","def rel_key(abs_path: Path) -> str:"
"contents_class_def/build_reference_scanning_file_reporter.py","def","vscode_link","122","0","False","def vscode_link(abs_path: Path, lineno: int) -> str:"
"contents_class_def/build_reference_scanning_file_reporter.py","def","file_abs_from_key","128","0","False","def file_abs_from_key(file_key: str) -> Path:"
"contents_class_def/build_reference_scanning_file_reporter.py","def","safe_read_text","133","0","False","def safe_read_text(p: Path) -> str:"
"contents_class_def/build_reference_scanning_file_reporter.py","def","strip_comment_simple","141","0","False","def strip_comment_simple(line: str) -> str:"
"contents_class_def/build_reference_scanning_file_reporter.py","def","sort_key_by_definition","151","0","False","def sort_key_by_definition(item: tuple[str, list[RefHit]]) -> tuple[str, int, str]:"
"contents_class_def/build_reference_scanning_file_reporter.py","def","load_definition_map","165","0","False","def load_definition_map() -> Dict[str, Dict[str, List[str]]]:"
"contents_class_def/build_reference_scanning_file_reporter.py","def","load_definition_locations","173","0","False","def load_definition_locations() -> Dict[str, DefLoc]:"
"contents_class_def/build_reference_scanning_file_reporter.py","def","build_symbol_index","235","0","False","def build_symbol_index("
"contents_class_def/build_reference_scanning_file_reporter.py","def","collect_py_files","272","0","False","def collect_py_files() -> List[Path]:"
"contents_class_def/build_reference_scanning_file_reporter.py","def","resolve_call_to_targets","282","0","False","def resolve_call_to_targets("
"contents_class_def/build_reference_scanning_file_reporter.py","def","scan_references","339","0","False","def scan_references("
"contents_class_def/build_reference_scanning_file_reporter.py","def","render_html","421","0","False","def render_html(def_map: Dict[str, Dict[str, List[str]]],"
"contents_class_def/build_reference_scanning_file_reporter.py","def","def_link_of","434","4","True","    def def_link_of(target_key: str) -> str:"
"contents_class_def/build_reference_scanning_file_reporter.py","def","def_label","442","4","True","    def def_label(target_key: str) -> str:"
"contents_class_def/build_reference_scanning_file_reporter.py","def","main","543","0","False","def main() -> None:"
"contents_class_def/build_unused_definitions_json.py","def","load_all_definitions","50","0","False","def load_all_definitions() -> dict[str, dict[str, str | int]]:"
"contents_class_def/build_unused_definitions_json.py","def","main","118","0","False","def main() -> None:"
"contents_class_def/build_unused_definitions_report.py","def","vscode_link","47","0","False","def vscode_link(file_key: str, lineno: int) -> str:"
"contents_class_def/build_unused_definitions_report.py","def","load_all_definitions","57","0","False","def load_all_definitions() -> dict[str, dict[str, str | int]]:"
"contents_class_def/build_unused_definitions_report.py","def","load_used_definitions","126","0","False","def load_used_definitions() -> set[str]:"
"contents_class_def/build_unused_definitions_report.py","def","render_html","157","0","False","def render_html(unused: dict[str, dict[str, Any]]) -> str:"
"contents_class_def/build_unused_definitions_report.py","def","main","189","0","False","def main() -> None:"
"contents_class_def/debag_build_call_index.py","class","FuncRow","64","0","False","class FuncRow:"
"contents_class_def/debag_build_call_index.py","def","is_excluded","73","0","False","def is_excluded(path: Path) -> bool:"
"contents_class_def/debag_build_call_index.py","def","collect_py_files","81","0","False","def collect_py_files(root: Path) -> List[Path]:"
"contents_class_def/debag_build_call_index.py","def","dotted_name","90","0","False","def dotted_name(expr: ast.AST) -> Optional[str]:"
"contents_class_def/debag_build_call_index.py","def","parse_import_aliases","102","0","False","def parse_import_aliases(tree: ast.AST) -> Dict[str, str]:"
"contents_class_def/debag_build_call_index.py","class","CallCollector","123","0","False","class CallCollector(ast.NodeVisitor):"
"contents_class_def/debag_build_call_index.py","def","__init__","124","4","True","    def __init__(self, alias_map: Dict[str, str]) -> None:"
"contents_class_def/debag_build_call_index.py","def","current_func_key","130","4","True","    def current_func_key(self) -> Optional[Tuple[str, int]]:"
"contents_class_def/debag_build_call_index.py","def","visit_ClassDef","135","4","True","    def visit_ClassDef(self, node: ast.ClassDef) -> None:"
"contents_class_def/debag_build_call_index.py","def","visit_FunctionDef","140","4","True","    def visit_FunctionDef(self, node: ast.FunctionDef) -> None:"
"contents_class_def/debag_build_call_index.py","def","visit_AsyncFunctionDef","145","4","True","    def visit_AsyncFunctionDef(self, node: ast.AsyncFunctionDef) -> None:"
"contents_class_def/debag_build_call_index.py","def","_enter_func","150","4","True","    def _enter_func(self, node: ast.AST) -> None:"
"contents_class_def/debag_build_call_index.py","def","_exit_func","161","4","True","    def _exit_func(self) -> None:"
"contents_class_def/debag_build_call_index.py","def","visit_Call","164","4","True","    def visit_Call(self, node: ast.Call) -> None:"
"contents_class_def/debag_build_call_index.py","def","vscode_file_link","189","0","False","def vscode_file_link(file_path: Path, lineno: int) -> str:"
"contents_class_def/debag_build_call_index.py","def","ps_html_link_for_py","195","0","False","def ps_html_link_for_py(py_path: Path) -> str:"
"contents_class_def/debag_build_call_index.py","def","main","208","0","False","def main() -> None:"
"utils/datetime_utils.py","def","str_to_datetime","15","0","False","def str_to_datetime(v: str | None) -> datetime | None:"
"utils/datetime_utils.py","def","date_time_to_datetime","22","0","False","def date_time_to_datetime("
"utils/datetime_utils.py","def","str_to_date","34","0","False","def str_to_date(v: str | None) -> date | None:"
"utils/datetime_utils.py","def","str_to_time","41","0","False","def str_to_time(v: str | None) -> time | None:"
"utils/datetime_utils.py","def","any_to_datetime","59","0","False","def any_to_datetime(v: str | datetime | None) -> datetime | None:"
"utils/datetime_utils.py","def","datetime_or_now","68","0","False","def datetime_or_now(dt: datetime | None) -> datetime:"
"utils/datetime_utils.py","def","datetime_to_str","76","0","False","def datetime_to_str(dt: datetime | None) -> str | None:"
"utils/datetime_utils.py","def","datetime_to_date_time","80","0","False","def datetime_to_date_time(dt: datetime) -> tuple[str, str]:"
"utils/datetime_utils.py","def","date_to_str","84","0","False","def date_to_str(d: date | None) -> str | None:"
"utils/datetime_utils.py","def","time_to_str","88","0","False","def time_to_str(t: time | None) -> str | None:"
"utils/text_utils.py","def","to_hankaku","13","0","False","def to_hankaku(text: Optional[str]) -> str:"
"utils/text_utils.py","def","safe_str","20","0","False","def safe_str(value: Any) -> str:"
"utils/text_utils.py","def","is_empty","27","0","False","def is_empty(text: str | None) -> bool:"
"utils/text_utils.py","def","normalize_whitespace","34","0","False","def normalize_whitespace(text: str) -> str:"
"utils/text_utils.py","def","strip_or_none","39","0","False","def strip_or_none(text: str | None) -> str | None:"
"utils/text_utils.py","def","normalize_alarm_name","50","0","False","def normalize_alarm_name(text: str | None) -> str:"
"utils/text_utils.py","def","validate_alarm_name","66","0","False","def validate_alarm_name(text: str) -> list[str]:"
"utils/weekday_utils.py","def","weekday_to_str","18","0","False","def weekday_to_str(weekday_list: List[int]) -> str:"
"utils/weekday_utils.py","def","compact_str_to_weekday_list","24","0","False","def compact_str_to_weekday_list(weekday_str: str) -> List[int]:"
"utils/weekday_utils.py","def","weekday_list_to_display_str","35","0","False","def weekday_list_to_display_str(weekday_list: List[int]) -> str:"
"utils/weekday_utils.py","def","display_str_to_weekday_list","41","0","False","def display_str_to_weekday_list(weekday_str: str) -> List[int]:"
